/*20120615 TRAN NAM TUAN */


/* TAO BANG EMP_20120615*/



CREATE TABLE EMP_20120615(EMPNO NUMBER(4), ENAME VARCHAR2(10), JOB VARCHAR2(9),MGR NUMBER(4),
HIREDATE DATE, SAL NUMBER(7,2), COMM NUMBER(7,2),DEPTNO NUMBER (7,2));
/* TAO KHOA CHINH EMPNO CHO EMP_20120615*/
ALTER TABLE EMP_20120615 ADD PRIMARY KEY (EMPNO)
/* TAO KHOA NGOAI EMP.EMPNO TRONG EMP_20120615*/
ALTER TABLE EMP_20120615
ADD CONSTRAINT FK_MGR_EMPNO
    FOREIGN KEY (MGR)
    REFERENCES EMP_20120615(EMPNO);


/* TAO BANG DEPT_20120615 VA KHOA CHINH DEPTNO*/

CREATE TABLE DEPT_20120615(DEPTNO NUMBER(2), DNAME VARCHAR2(14),LOC VARCHAR2(13), PRIMARY KEY (DEPTNO))
/* TAO KHOA NGOAI DEPT.DEPTNO TRONG EMP_20120615*/
ALTER TABLE EMP_20120615
ADD CONSTRAINT FK_EMP_DEPTNO
    FOREIGN KEY (DEPTNO)
    REFERENCES DEPT_20120615(DEPTNO);
/* TAO BANG SALGRADE_20120615*/
CREATE TABLE SALGRADE_20120615(GRADE NUMBER,LOSAL NUMBER, HISAL NUMBER, PRIMARY KEY(GRADE))
/* NHAP LIEU CHO BANG DEPT_20120615*/
INSERT INTO DEPT_20120615 VALUES (10,'ACCOUNTING','NEW YORK');
INSERT INTO DEPT_20120615 VALUES (20,'RESEARCH','DALLAS');
INSERT INTO DEPT_20120615 VALUES (30,'SALES','CHICAGO');
INSERT INTO DEPT_20120615 VALUES (40,'OPERATIONS','BOSTON');


/* NHAP LIEU CHO BANG EMP_20120615*/
INSERT INTO EMP_20120615 VALUES (7839,'KING','PRESIDENT','','17-NOV-81',5000,'',10);
INSERT INTO EMP_20120615 VALUES (7698,'BLAKE','MANAGER','7839','01-MAY-1981',2850,'',30);
INSERT INTO EMP_20120615 VALUES (7782,'CLARK','MANAGER','7839','09-JUN-1981',2450,'',10);
INSERT INTO EMP_20120615 VALUES (7566,'JONES','MANAGER','7839','02-APR-1981',2975,'',20);
INSERT INTO EMP_20120615 VALUES (7654,'MARTIN','SALESMAN','7698','28-SEP-1981',1250,1400,30);
INSERT INTO EMP_20120615 VALUES (7499,'ALLEN','SALESMAN','7698','20-FEB-1981',1600,300,30);
INSERT INTO EMP_20120615 VALUES (7844,'TURNER','SALESMAN','7698','08-SEP-1981',1500,0,30);
INSERT INTO EMP_20120615 VALUES (7900,'JAMES','CLERK','7698','03-DEC-1981',950,'',30);
INSERT INTO EMP_20120615 VALUES (7521,'WARD','SALESMAN','7698','22-FEB-1981',1250,500,30);
INSERT INTO EMP_20120615 VALUES (7902,'FORD','ANALYST','7566','03-DEC-1981',3000,'',20);
INSERT INTO EMP_20120615 VALUES (7369,'SMITH','CLERK','7902','17-DEC-1980',800,'',20);
INSERT INTO EMP_20120615 VALUES (7788,'SCOTT','ANALYST','7566','09-DEC-1982',3000,'',20);
INSERT INTO EMP_20120615 VALUES (7876,'ADMES','CLERK','7788','12-JAN-1983',1100,'',20);
INSERT INTO EMP_20120615 VALUES (7934,'MILLER','CLERK','7782','23-JAN-1982',1300,'',10);

/* NHAP LIEU CHO BANG SALGRADE_20120615*/
INSERT INTO SALGRADE_20120615 VALUES(1,700,1200);
INSERT INTO SALGRADE_20120615 VALUES(2,1201,1400);
INSERT INTO SALGRADE_20120615 VALUES(3,1401,2000);
INSERT INTO SALGRADE_20120615 VALUES(4,2001,3000);
INSERT INTO SALGRADE_20120615 VALUES(5,3001,9999);

